encodings_0,encodings_1,encodings_2,encodings_3,encodings_4,encodings_5,encodings_6,errors
0.03836170211434364,-0.12335997819900513,0.028561165556311607,-0.0072969840839505196,-0.014099778607487679,-0.02261478453874588,-0.07109402120113373,0.027965668588876724
0.01867075264453888,0.0034646792337298393,-0.16869069635868073,-0.08998230844736099,-0.07694506645202637,0.1598159819841385,0.338335782289505,0.04755968227982521
0.1603682041168213,0.028849607333540916,0.055500634014606476,-0.033374324440956116,0.042428743094205856,0.09433385729789734,-0.09992128610610962,0.0787564367055893
-0.05272216722369194,0.16294777393341064,-0.049646422266960144,0.07796873897314072,-0.07225351780653,0.06297081708908081,-0.05215331166982651,0.04654702544212341
0.01614990457892418,0.07763879001140594,-0.008436024188995361,0.06000202149152756,-0.02873876690864563,0.02629993110895157,-0.1340741366147995,0.02499784156680107
-0.028895126655697823,-0.09791333228349686,0.01651994325220585,-0.0804213434457779,-0.0334349200129509,0.0001452496653655544,0.016503166407346725,0.025475801900029182
-0.1578277051448822,0.06129235774278641,0.09265033155679703,0.12647715210914612,-0.046013083308935165,0.1384393274784088,-0.14500713348388672,0.0854157879948616
0.04325895383954048,-0.0832214429974556,0.06674189120531082,0.0049371556378901005,-0.13310575485229492,-0.09238987416028976,0.04985952377319336,0.020918305963277817
-0.10396546870470047,0.19410550594329834,-0.05827861651778221,0.08797940611839294,0.24439658224582672,0.07549893110990524,0.09467939287424088,0.030044812709093094
0.05779614672064781,0.02243848890066147,0.007082287222146988,-0.04801606759428978,-0.03255562484264374,-0.021417059004306793,0.016815241426229477,0.03980835899710655
-0.0904732421040535,0.022491462528705597,0.03227771446108818,-0.04925130680203438,-0.08126698434352875,0.03522518277168274,0.002307586371898651,0.02118159644305706
-0.1383294016122818,0.008728506974875927,-0.05057286098599434,0.003010149346664548,-0.008982844650745392,0.1465163230895996,0.06594391167163849,0.07374595105648041
0.07684392482042313,-0.03060617856681347,-0.16990308463573456,-0.09860112518072128,-0.04375089704990387,0.48482969403266907,0.23082639276981354,0.11542816460132599
0.184949591755867,0.3392784893512726,0.11550489068031311,0.09918231517076492,-0.04706348106265068,0.00809568352997303,-0.07683032751083374,0.04496126249432564
0.0904669240117073,-0.047604698687791824,-0.0792970284819603,0.02623581327497959,0.10789504647254944,0.2036461979150772,0.024313902482390404,0.0605696476995945
-0.11295294016599655,-0.11187094449996948,0.047396283596754074,-0.02652086317539215,0.06065664812922478,0.09316063672304153,0.08784962445497513,0.06544727832078934
-0.12168703973293304,0.009534484706819057,-0.003819952253252268,0.030958691611886024,0.07516004890203476,-0.055306270718574524,0.03567740321159363,0.019389502704143524
-0.0989866554737091,-0.01885402761399746,0.062390442937612534,0.0009191578137688339,-0.031514380127191544,0.07555233687162399,-0.020490946248173714,0.027962369844317436
-0.05671560764312744,-0.03997619450092316,-0.05020025372505188,-0.007347098086029291,-0.13713791966438293,0.04624371975660324,0.018120666965842247,0.0441487655043602
0.058906927704811096,0.007425611838698387,0.04210424795746803,0.08306998759508133,0.06810224801301956,-0.1195179894566536,-0.003381546353921294,0.04450749605894089
-0.06150370463728905,0.18454547226428986,0.023302188143134117,0.022108742967247963,-0.1137598380446434,0.013716494664549828,-0.06363549083471298,0.03198947384953499
0.12892524898052216,0.18788568675518036,-0.039942797273397446,0.011708453297615051,0.09297208487987518,-0.025701934471726418,0.03524424880743027,0.04676472023129463
-0.08973538130521774,0.07383263856172562,0.041229307651519775,-0.059772904962301254,-0.052873220294713974,0.047965116798877716,-0.021829061210155487,0.028005538508296013
-0.13904888927936554,0.09716380387544632,-0.008084333501756191,0.08475518971681595,-0.05865810438990593,0.036844540387392044,0.059995174407958984,0.04372825846076012
-0.07285584509372711,-0.01259388867765665,0.038884613662958145,-0.033462803810834885,-0.029972365126013756,-0.024608679115772247,-0.029688354581594467,0.02436360903084278
0.2202264964580536,0.035677697509527206,0.03180825710296631,-0.0510711632668972,0.12535439431667328,-0.025785665959119797,-0.15559858083724976,0.057691849768161774
0.09460560977458954,-0.11450570821762085,-0.04415968433022499,0.06009526923298836,-0.06347348541021347,0.18248002231121063,-0.08212009072303772,0.11749554425477982
0.0847608894109726,-0.13816671073436737,-0.0101980185136199,-0.06468382477760315,-0.11260981857776642,0.043921224772930145,0.029510851949453354,0.06756258010864258
-0.06827296316623688,-0.002673002425581217,0.038830507546663284,-0.029921431094408035,0.011545960791409016,-0.11212874948978424,0.06756684184074402,0.07641277462244034
-0.13455753028392792,-0.02215554378926754,-0.031012199819087982,0.009798018261790276,0.033093273639678955,-0.06850304454565048,0.1437171995639801,0.022822491824626923
-0.01805468648672104,-0.032186489552259445,-0.031321875751018524,0.05654048174619675,-0.042538270354270935,0.08025623857975006,-0.07351727038621902,0.02560756914317608
-0.016782337799668312,0.014591575600206852,-0.015279117971658707,0.007494828198105097,0.010261195711791515,-0.03019963577389717,-0.007156320847570896,0.03922359645366669
-0.0364309586584568,-0.05782346427440643,0.041048564016819,0.017094997689127922,-0.034408748149871826,0.09361369162797928,0.07860731333494186,0.06932221353054047
0.19496557116508484,-0.0341862328350544,-0.019435012713074684,-0.005494887009263039,-0.04902806505560875,-0.053181953728199005,0.056055087596178055,0.05257149413228035
0.1332637518644333,0.008438531309366226,0.035787127912044525,0.05168966203927994,0.07242704927921295,0.015393402427434921,0.0351233035326004,0.0348464660346508
0.018334543332457542,-0.032852135598659515,-0.028447311371564865,0.010119535960257053,-0.07635104656219482,-0.15339502692222595,0.12001460790634155,0.043060921132564545
-0.006538487039506435,-0.03517884388566017,-0.0909140333533287,0.02854599617421627,-0.053463954478502274,0.07350056618452072,-0.13531729578971863,0.040131520479917526
0.061302635818719864,-0.11782588809728622,-0.052854444831609726,0.07464519888162613,-0.044864993542432785,0.0458427257835865,0.017840158194303513,0.029895322397351265
-0.010469190776348114,-0.1458682417869568,-0.0903625562787056,0.02328939363360405,0.08761296421289444,0.005351379979401827,0.11624976992607117,0.05963762849569321
-0.045305635780096054,-0.04836892709136009,0.07258360832929611,0.042940653860569,0.053389884531497955,0.012030999176204205,-0.0634586289525032,0.048694394528865814
0.07782277464866638,-0.007804259192198515,0.014460616745054722,-0.0637752041220665,-0.016713177785277367,-0.014331885613501072,0.08478625863790512,0.05205339565873146
-0.047643791884183884,0.08785980939865112,-0.1527349203824997,-0.0816374123096466,-0.028081614524126053,0.11063042283058167,0.3363116979598999,0.08134687691926956
0.01390012726187706,-0.07657432556152344,-0.1699398159980774,0.0063000451773405075,-0.13362064957618713,0.5727687478065491,-0.0901256576180458,0.09756020456552505
-0.06811605393886566,0.08631186932325363,-0.006670932751148939,-0.036881010979413986,0.015958542004227638,-0.019925015047192574,0.07788236439228058,0.0688043087720871
0.3580218255519867,-0.00448642298579216,-0.05732446536421776,-0.16417397558689117,0.19378156960010529,0.16183675825595856,-0.018760545179247856,0.058861881494522095
0.10615361481904984,-0.09453379362821579,-0.053349174559116364,0.019338557496666908,-0.11194422096014023,0.036228444427251816,0.060109954327344894,0.05625242367386818
0.25315508246421814,-0.02946765348315239,-0.06397442519664764,-0.12997213006019592,0.11427119374275208,0.1329723596572876,0.128045916557312,0.12093060463666916
-0.06874720752239227,-0.017353946343064308,-0.05238628014922142,0.031560685485601425,-0.14928671717643738,-0.004881158471107483,-0.004579056520015001,0.04096180200576782
-0.013517974875867367,-0.04546007886528969,0.11072640866041183,-0.0758051946759224,-0.018446438014507294,-0.015110860578715801,-0.07414323091506958,0.03968363255262375
0.06631772965192795,-0.1649998277425766,-0.10073205828666687,-0.027435539290308952,-0.06812942773103714,-0.0593448169529438,0.07097320258617401,0.03002646006643772
0.040603041648864746,0.002860684646293521,-0.1054128035902977,-0.030073920264840126,-0.08298742026090622,0.2345997840166092,0.09899770468473434,0.04837179183959961
0.23462755978107452,0.2903677523136139,-0.16876797378063202,-0.04800563305616379,-0.04316984862089157,0.466009259223938,0.14956283569335938,0.028182199224829674
0.060575515031814575,-0.11501529812812805,0.02775411494076252,-0.07810679823160172,0.1316288709640503,0.03310173377394676,0.1435527354478836,0.0583743117749691
0.023662272840738297,0.17001241445541382,0.027215026319026947,0.12730015814304352,-0.012669666670262814,-0.032816000282764435,0.11501289904117584,0.013647387735545635
-0.11197878420352936,-0.01503718364983797,-0.009288947097957134,-0.03714980185031891,0.11946722120046616,0.04317295551300049,-0.10697896033525467,0.028675192967057228
0.09308646619319916,-0.16545350849628448,0.022480852901935577,-0.10181255638599396,-0.06616825610399246,0.15464197099208832,0.11977171152830124,0.09966302663087845
0.019572017714381218,0.044447313994169235,-0.015779927372932434,0.005522388033568859,0.01897578127682209,-0.013307355344295502,-0.10058233886957169,0.02574983984231949
-0.061897099018096924,-0.11308931559324265,-0.025765161961317062,0.05892030522227287,-0.053599487990140915,0.05144054442644119,0.02788691222667694,0.026547597721219063
0.02127128653228283,0.12664350867271423,-0.02687252312898636,-0.022937212139368057,0.053081776946783066,-0.02241973951458931,-0.04765790328383446,0.02843882516026497
0.11632292717695236,0.0738220140337944,-0.042377036064863205,0.012412468902766705,-0.0642065778374672,0.0131247378885746,-0.025198351591825485,0.05680009722709656
0.2194640338420868,-0.06671884655952454,-0.1697629690170288,-0.013519261963665485,-0.06021494045853615,0.5584609508514404,0.0032989925239235163,0.0525565929710865
-0.14013171195983887,-0.10118147730827332,-0.05803254619240761,-0.032669831067323685,-0.14744679629802704,0.0036143625620752573,0.07033806294202805,0.041621267795562744
0.37443509697914124,-0.02904459647834301,-0.16967815160751343,0.12280741333961487,-0.10299728810787201,0.5671746134757996,-0.15131689608097076,0.12324989587068558
-0.016286499798297882,-0.05040808022022247,-0.06313778460025787,-0.011611906811594963,-0.0053528728894889355,0.028595417737960815,0.09089888632297516,0.04259730130434036
0.06279037147760391,-0.07227721810340881,-0.047918085008859634,0.01849752478301525,0.09705328196287155,0.028673533350229263,-0.06413581222295761,0.04502313211560249
0.06290407478809357,0.034133266657590866,-0.04124421253800392,0.009985363110899925,-0.020917849615216255,0.03679293766617775,-0.06400913000106812,0.08293865621089935
-0.0027203685604035854,-0.004563768394291401,-0.010409235022962093,-0.05480160191655159,0.037667956203222275,0.005061514209955931,-0.034463100135326385,0.08428656309843063
-0.1286569982767105,0.13321134448051453,0.07112868130207062,0.010656612925231457,0.0644766315817833,0.017242753878235817,-0.006506890989840031,0.03430594503879547
-0.1326145976781845,-0.01169150322675705,-0.06963449716567993,0.022096000611782074,-0.05631377547979355,0.11811511218547821,0.18978549540042877,0.05590749904513359
-0.045485612004995346,0.022671809419989586,-0.008806955069303513,0.07195020467042923,0.13443917036056519,0.0876038670539856,-0.07799176126718521,0.049191251397132874
-0.021209852769970894,0.019313303753733635,-0.006895679514855146,0.06136861816048622,-0.000719162286259234,-0.03653179109096527,-0.020636597648262978,0.03951509669423103
0.05599142983555794,0.017820201814174652,-0.0067976657301187515,0.017441222444176674,-0.020314034074544907,0.03375040739774704,-0.077381931245327,0.050222232937812805
-0.16817063093185425,-0.09290104359388351,0.03808126971125603,-0.07062719762325287,-0.16747041046619415,0.16393552720546722,0.04830595850944519,0.04660332575440407
-0.16204357147216797,0.07196268439292908,-0.02252117730677128,-0.02778775431215763,0.1644628793001175,-0.0740688294172287,-0.03541598841547966,0.05743078514933586
-0.14507117867469788,0.0851694867014885,0.04405980557203293,-0.00540634710341692,0.08554493635892868,-0.0641375333070755,0.008218520320951939,0.035707734525203705
-0.021380262449383736,-0.04128853976726532,0.011525856330990791,0.06705493479967117,0.001665548188611865,0.053772442042827606,0.054280780255794525,0.04479339346289635
-0.07551808655261993,-0.03158847987651825,-0.01690533570945263,-0.09556596726179123,-0.011666491627693176,0.07450264692306519,-0.11345980316400528,0.03791070356965065
0.005393258295953274,-0.00883776880800724,0.0045041185803711414,-0.0865597203373909,-0.025770356878638268,-0.03160861134529114,0.12418987601995468,0.12787000834941864
-0.04866786301136017,-0.08887433260679245,-0.052750132977962494,-0.05697979778051376,0.005267763044685125,-0.07714831084012985,0.11614242941141129,0.03683744743466377
0.00024303060490638018,0.06561721861362457,0.005482775624841452,0.0071442509070038795,-0.1619306057691574,0.06788625568151474,0.1565302014350891,0.05912391468882561
-0.03800094872713089,-0.0948774665594101,0.033267419785261154,-0.028553234413266182,-0.04860663041472435,0.08329100161790848,0.08874295651912689,0.02636357583105564
-0.09392799437046051,0.04806063324213028,0.027912938967347145,0.08111116290092468,-0.08041457831859589,-0.029418714344501495,0.02010643482208252,0.03388866409659386
-0.008692177012562752,-0.0371854193508625,0.15039466321468353,0.02151758037507534,-0.009331443347036839,0.07739848643541336,-0.062104232609272,0.07482346892356873
-0.1027875617146492,0.011704019270837307,-0.005891900509595871,-0.008123097009956837,0.002266055904328823,-0.04741023853421211,-0.08605027943849564,0.07896868884563446
-0.038670510053634644,0.02705150470137596,-0.02356129139661789,-0.036508578807115555,0.023701004683971405,0.00010852718696696684,-0.021819332614541054,0.0425117164850235
-0.0062669068574905396,0.0008890125318430364,-0.06629717350006104,-0.0627492144703865,-0.03597162663936615,-0.01977589726448059,0.004528276156634092,0.03707825019955635
0.15153318643569946,-0.0022256525699049234,0.10060377418994904,0.07914729416370392,-0.0790921226143837,-0.0004601689288392663,-0.08787215501070023,0.030505485832691193
0.11354918032884598,0.08106260001659393,-0.16963376104831696,-0.052853621542453766,0.28874215483665466,0.4317382872104645,-0.052219752222299576,0.04862165451049805
-0.13762347400188446,-0.10514932125806808,0.048407550901174545,-0.07890820503234863,-0.08542095124721527,0.13074719905853271,-0.0803741067647934,0.06483066827058792
0.111831434071064,0.15547828376293182,-0.013530891388654709,0.07212388515472412,-0.036538127809762955,-0.1566154807806015,0.09738216549158096,0.03466104716062546
-0.04980307072401047,0.0874372273683548,-0.0012208427069708705,0.03725796565413475,0.10421648621559143,0.026108883321285248,-0.0073677776381373405,0.01191575638949871
0.06365034729242325,-0.06143138185143471,-0.16905945539474487,0.023073678836226463,0.16579672694206238,0.41879260540008545,0.10354794561862946,0.10652001202106476
-0.04319120571017265,0.0660894438624382,0.08340656012296677,0.10081559419631958,0.00834640208631754,0.0773681253194809,-0.10762414336204529,0.018018553033471107
0.03478819131851196,0.09672271460294724,0.02390146255493164,-0.05848914012312889,-0.04757062345743179,0.055858440697193146,-0.02789408154785633,0.02565574273467064
0.050853483378887177,-0.008630204014480114,-0.08602342754602432,0.02470066025853157,0.04090317711234093,0.12391412258148193,-0.008361009880900383,0.036158639937639236
-0.002311703050509095,-0.0418550968170166,-0.06665709614753723,-0.05562608316540718,-0.004222252406179905,-0.0019226826261729002,-0.05628608912229538,0.06260954588651657
0.03868231922388077,0.09571158140897751,-0.16522245109081268,0.02980678156018257,-0.026430709287524223,0.13086344301700592,0.26035869121551514,0.020752515643835068
-0.14141845703125,0.1224064826965332,0.03926263004541397,-0.08840865641832352,0.1489168405532837,-0.03389834240078926,0.11537919193506241,0.023752553388476372
0.07748959213495255,0.12117414176464081,-0.16616855561733246,0.045099299401044846,0.07014434039592743,0.34857994318008423,0.32658135890960693,0.09694235771894455
-0.1099005937576294,0.09010649472475052,-0.02961365133523941,0.031198294833302498,-0.04380730167031288,-0.06239747628569603,0.040943972766399384,0.08047220855951309
0.28819456696510315,0.06657729297876358,-0.1429949253797531,-0.012521514669060707,0.19126658141613007,0.3837811350822449,0.013544001616537571,0.048061057925224304
0.028770454227924347,-0.022121289744973183,-0.04695335775613785,-0.12170708924531937,-0.01707015000283718,0.18580883741378784,-0.1039411798119545,0.07424025982618332
-0.04319120571017265,0.0660894438624382,0.08340656012296677,0.10081559419631958,0.00834640208631754,0.0773681253194809,-0.10762414336204529,0.018018553033471107
-0.04979105293750763,0.02282503806054592,0.09010390192270279,0.03039706125855446,0.10572859644889832,0.0368267260491848,-0.09632705897092819,0.02692822553217411
-0.08054791390895844,0.002702717436477542,-0.13615402579307556,-0.0003599579504225403,0.09145404398441315,0.33678877353668213,0.1791389286518097,0.07832624018192291
0.29713332653045654,0.008605195209383965,-0.16324171423912048,-0.011170011013746262,0.06689216941595078,0.43760886788368225,-0.004080493934452534,0.03328802436590195
0.10692865401506424,-0.051552996039390564,0.11183781921863556,-0.01705186441540718,-0.020058857277035713,0.026657845824956894,-0.06882385909557343,0.06920266896486282
0.0020153990481048822,-0.002741895616054535,-0.0037354249507188797,0.10916733741760254,-0.029471833258867264,0.06401711702346802,-0.08777078986167908,0.01554836705327034
-0.05688730999827385,-0.08609158545732498,0.004135761875659227,0.10189017653465271,0.07128091156482697,-0.09478671848773956,-0.03234762325882912,0.0852726623415947
0.08381001651287079,-0.13775576651096344,-0.16487586498260498,0.08542446792125702,-0.028496718034148216,0.5502115488052368,-0.014825842343270779,0.06258825957775116
0.42842307686805725,0.6729645729064941,-0.16819365322589874,0.1401127725839615,-0.11673981696367264,0.32528573274612427,0.14056579768657684,0.014037341810762882
-0.12712186574935913,-0.01844877377152443,0.005650632083415985,0.0804990828037262,0.043524112552404404,-0.06999010592699051,-0.05556917190551758,0.06113944947719574
-0.019179217517375946,-0.010166951455175877,-0.08513831347227097,0.006197421811521053,0.026401186361908913,0.25368186831474304,-0.10169792920351028,0.016252923756837845
0.027082063257694244,-0.011460477486252785,-0.04689944535493851,-0.009550455957651138,-0.03884380683302879,-0.04011310264468193,0.039463404566049576,0.02573237381875515
0.012648805044591427,-0.0882553979754448,-0.07769878208637238,-0.0872282087802887,-0.12137604504823685,0.03589952364563942,0.09959995746612549,0.04177103564143181
-0.1379753202199936,-0.0033990119118243456,-0.014019034802913666,-0.02236177958548069,0.04278574511408806,0.022141193971037865,0.024801382794976234,0.028450453653931618
-0.05086125060915947,0.05768197774887085,0.02444271370768547,0.038869038224220276,-0.04706304520368576,-0.14218787848949432,0.006791994441300631,0.02515517733991146
0.036446765065193176,0.08866309374570847,-0.03223879635334015,-0.05121125280857086,0.14751920104026794,-0.06834720075130463,-0.009646378457546234,0.062131717801094055
-0.04555226489901543,0.12246613204479218,0.11736861616373062,-0.10990644991397858,0.1942635178565979,-0.0643947571516037,0.12786827981472015,0.046426884829998016
0.050977982580661774,0.18353520333766937,0.03252164646983147,-0.01564231887459755,0.02375607378780842,-0.036850713193416595,-0.036404963582754135,0.0361940823495388
-0.011310053057968616,0.025453031063079834,0.020069949328899384,0.016638053581118584,-0.14638559520244598,0.000842820736579597,0.022291816771030426,0.07075251638889313
-0.0885133370757103,0.1039605438709259,-0.02968389168381691,0.012863121926784515,0.03591778874397278,0.012935060076415539,-0.00808516051620245,0.03137759864330292
0.08052276819944382,0.2692062556743622,-0.02554633840918541,0.019517334178090096,0.03262532874941826,0.1862659901380539,-0.05188154801726341,0.07415177673101425
0.07276425510644913,0.07183761149644852,0.009482016786932945,-0.09724161028862,-0.0016832726541906595,-0.003681211732327938,0.10847803205251694,0.031789280474185944
0.1608349233865738,-0.005325777921825647,-0.03823062777519226,-0.005182198248803616,-0.01833241619169712,0.07024841755628586,-0.07703748345375061,0.05302907153964043
0.12655240297317505,-0.030494654551148415,0.03682859241962433,0.016360972076654434,0.06236595660448074,-0.10540039837360382,-0.04737211763858795,0.019248956814408302
-0.03442876413464546,-0.05867495387792587,-0.1575210988521576,0.08715155720710754,-0.029826179146766663,0.36768555641174316,0.016540588811039925,0.041790254414081573
-0.16811811923980713,-0.15264254808425903,-0.11051420122385025,-0.00549285439774394,-0.12508298456668854,0.16508345305919647,0.1180351972579956,0.043725430965423584
-0.005916287656873465,-0.1542627364397049,-0.06879564374685287,-0.04589501768350601,-0.016775203868746758,-0.02881881408393383,-0.04515685513615608,0.04110467806458473
0.07037714123725891,-0.038841139525175095,-0.0525241494178772,-0.06155150756239891,-0.03410053253173828,0.04600270465016365,-0.014389416202902794,0.045922670513391495
-0.025100676342844963,-0.02143210358917713,-0.06109597161412239,0.12505154311656952,0.03043189086019993,0.21784842014312744,0.08865062147378922,0.03914359584450722
-0.1195574477314949,0.033939428627491,-0.1669367402791977,-0.020336849614977837,-0.031164612621068954,0.20556935667991638,0.34068605303764343,0.01587221398949623
-0.005570033099502325,-0.16580671072006226,-0.08942840248346329,-0.05579596757888794,-0.036797136068344116,0.08285167068243027,-0.06974328309297562,0.04258966073393822
0.3228110074996948,-0.05858584865927696,-0.1103045865893364,0.1311342567205429,-0.03831290826201439,0.312518447637558,-0.11067085713148117,0.06117647886276245
0.17646291851997375,-0.018514268100261688,-0.1666414886713028,0.02648923546075821,0.03428080677986145,0.39712852239608765,0.1442108452320099,0.06449776887893677
-0.03554670885205269,-0.16348576545715332,0.004815369378775358,-0.05681242421269417,-0.1260988563299179,-0.027464887127280235,0.015974728390574455,0.08078977465629578
0.05853177607059479,-0.08961804211139679,-0.012881739996373653,0.07286635786294937,-0.0455080084502697,0.010320750065147877,-0.013036618940532207,0.09852548688650131
-0.04340893775224686,-0.028915060684084892,-0.01336288545280695,-0.00513707660138607,0.08950197696685791,-0.10694289207458496,-0.08167794346809387,0.030711784958839417
0.09587272256612778,0.023243576288223267,-0.06871426850557327,0.01015430223196745,-0.08412911742925644,-0.005006586667150259,0.025271806865930557,0.13842056691646576
-0.1428823620080948,0.039669644087553024,-0.01122727245092392,-0.04513802006840706,-0.04688780754804611,0.027873750776052475,-0.10929291695356369,0.07965036481618881
0.008328269235789776,-0.03792944550514221,-0.10061172395944595,-0.03394833952188492,-0.05202583968639374,0.16061915457248688,0.03494133800268173,0.029547862708568573
0.1640615016222,-0.1067185029387474,0.02586459554731846,-0.029079802334308624,-0.07088466733694077,0.0697992742061615,0.038882773369550705,0.06345197558403015
0.028301378712058067,0.0041078305803239346,0.00618033017963171,0.13494175672531128,0.08616646379232407,0.00868489034473896,-0.0025502024218440056,0.030830804258584976
0.1649349182844162,0.02427484467625618,-0.05884739011526108,0.030587254092097282,0.07306225597858429,-0.09765170514583588,0.0036298625636845827,0.041648779064416885
-0.07886617630720139,-0.0015453476225957274,0.05049408972263336,0.040745873004198074,-0.04772185534238815,-0.06055482104420662,-0.06385103613138199,0.024117864668369293
0.07349678874015808,0.050001319497823715,0.04253245145082474,-0.03460342064499855,-0.021513059735298157,0.04179144278168678,0.02323211170732975,0.03411521762609482
0.037187933921813965,-0.03540506213903427,0.03754887357354164,-0.07116659730672836,-0.014675794169306755,0.04814465716481209,0.0071508679538965225,0.08534587919712067
0.1964416354894638,-0.07149050384759903,0.05579756945371628,-0.058287858963012695,-0.002239684108644724,0.17592081427574158,0.1080547571182251,0.13104726374149323
-0.055113404989242554,0.008706582710146904,-0.006358619779348373,0.10315495729446411,0.09378502517938614,-0.06936734914779663,0.006822895724326372,0.04666424170136452
-0.014349675737321377,-0.07266522198915482,-0.08504597097635269,0.02969837747514248,-0.028186418116092682,-0.14681194722652435,0.012192395515739918,0.03257612884044647
0.2253161519765854,0.10608669370412827,-0.032099902629852295,-0.038001663982868195,0.03653956204652786,0.04985318332910538,-0.04964834079146385,0.12962445616722107
-0.07004023343324661,-0.061324261128902435,-0.01768554374575615,0.10556880384683609,0.04045131802558899,-0.09335305541753769,0.04281582310795784,0.025288984179496765
-0.046785421669483185,0.030706152319908142,-0.08425267785787582,-0.037187181413173676,0.12131568789482117,-0.09747904539108276,0.0946003720164299,0.0484694205224514
-0.05664854124188423,-0.13529349863529205,-0.04119359701871872,-0.047776322811841965,-0.07911499589681625,0.03358624130487442,-0.048591386526823044,0.01931597664952278
0.0968782976269722,0.027450012043118477,0.09182073920965195,-0.10769236832857132,-0.025319507345557213,-0.021700719371438026,0.05506394803524017,0.03855166956782341
-0.08019357919692993,-0.1059797927737236,0.00028737529646605253,0.013452250510454178,0.011256222613155842,0.19415545463562012,0.11199498176574707,0.07138396799564362
-0.08939383178949356,-0.03247162327170372,0.08208701759576797,-0.06345217674970627,-0.1268811672925949,-0.07692601531744003,0.04930056259036064,0.04972054064273834
-0.15614767372608185,0.10202135145664215,-0.16620302200317383,-0.03838199004530907,-0.0051341368816792965,0.13349123299121857,0.4916919469833374,0.04735589027404785
0.05429214611649513,0.008718465454876423,-0.021328361704945564,-0.000894213211722672,0.007142844144254923,-0.04601377993822098,-0.10486163944005966,0.060480378568172455
-0.08669332414865494,-0.014112758450210094,0.015306936576962471,0.06176469475030899,-0.027487924322485924,0.04786660522222519,0.0591665580868721,0.05997774377465248
-0.08139076083898544,0.03139016032218933,-0.02932523563504219,-0.11746328324079514,-0.14297246932983398,0.15763844549655914,-0.015371333807706833,0.03825356438755989
0.06456948071718216,0.016403967514634132,-0.16368453204631805,0.00746439304202795,0.14061897993087769,0.2815195620059967,0.24464797973632812,0.05811445415019989
-0.0783844068646431,0.1886700540781021,0.10332449525594711,-0.12331888824701309,-0.013626346364617348,-0.01730780303478241,0.0914759710431099,0.02501598373055458
-0.12089895457029343,-0.018415125086903572,-0.0035516954958438873,0.04129784181714058,0.014735464006662369,-0.12136474251747131,-0.08877811580896378,0.04293840751051903
0.0029284602496773005,0.03249777480959892,-0.037164106965065,-0.0028601353988051414,0.06506209820508957,-0.09678050875663757,-0.11181548237800598,0.0347624309360981
0.058538734912872314,0.026844799518585205,0.03339352831244469,-0.03987324982881546,0.06443997472524643,-0.09961997717618942,0.04121679440140724,0.026036646217107773
0.20528031885623932,-0.043265920132398605,0.03776215761899948,0.08920074254274368,-0.0237607192248106,0.06574203819036484,-0.01103159599006176,0.07250075787305832
0.06452372670173645,-0.014027134515345097,0.13262975215911865,-0.01920655556023121,0.037455566227436066,0.0027220065239816904,0.0021948947105556726,0.04415873438119888
-0.026183001697063446,0.14904046058654785,0.00864526815712452,0.08076251298189163,-0.008512640371918678,-0.024855878204107285,-0.04479622468352318,0.13173730671405792
-0.013111855834722519,-0.020736170932650566,5.1736915338551626e-05,0.0013630506582558155,0.03538963943719864,-0.02546049654483795,-0.06989303976297379,0.0431704968214035
-0.13738878071308136,-0.014783800579607487,-0.13061831891536713,0.07498958706855774,-0.07635684311389923,-0.03736096993088722,0.11780281364917755,0.04503358528017998
-0.1456861048936844,-0.014362365938723087,-0.13580234348773956,-0.027501201257109642,0.02263912372291088,0.05471812188625336,0.01783539168536663,0.04854681342840195
0.154008150100708,-0.05059743672609329,0.11968525499105453,-0.11501721292734146,0.13900326192378998,-0.05845806375145912,-0.0035889148712158203,0.1023876965045929
0.08728961646556854,0.23019157350063324,-0.13363763689994812,0.08012498915195465,0.04221199452877045,0.13314250111579895,0.031463466584682465,0.06435403972864151
0.05650005862116814,0.0005842608516104519,0.04334162920713425,0.010413403622806072,-0.016315247863531113,-0.0349917858839035,-0.07397755235433578,0.05294587463140488
0.0319499596953392,0.049655601382255554,-0.16995349526405334,0.012987794354557991,-0.000163414137205109,0.42118263244628906,-0.02657989226281643,0.05804327875375748
-0.08784092217683792,0.07119014859199524,0.013410383835434914,-0.0917344018816948,-0.03667336702346802,-0.028935473412275314,0.07096932083368301,0.07050302624702454
-0.0715596079826355,0.03125371038913727,-0.11616005748510361,-0.07950423657894135,-0.0885377824306488,0.2806532382965088,-0.01678890734910965,0.021336417645215988
-0.014022150076925755,-0.1509988009929657,-0.14754575490951538,-0.07913592457771301,0.12239809334278107,0.05825303867459297,0.08676279336214066,0.02858406864106655
-0.06814420223236084,0.053287580609321594,-0.11363650858402252,0.06301462650299072,0.06594306975603104,0.2033737301826477,0.16640157997608185,0.010364324785768986
0.12806278467178345,0.16740232706069946,0.04094622656702995,0.02027059718966484,0.1701643168926239,0.02016434632241726,-0.018966546282172203,0.02817772515118122
0.05470234155654907,-0.07931701093912125,0.02100878208875656,-0.03932543843984604,0.015683211386203766,-0.006312566343694925,0.01356144156306982,0.027651965618133545
-0.1577463001012802,-0.006633109413087368,0.024832691997289658,-0.037882331758737564,-0.07905194908380508,-0.044340264052152634,-0.12203522771596909,0.08442723751068115
-0.0037269038148224354,-0.027220468968153,0.0027877080719918013,0.10261201113462448,0.16401685774326324,0.06006752699613571,0.03780245780944824,0.047489941120147705
0.10275919735431671,0.0029614856466650963,0.0466466024518013,-0.001523198327049613,0.03900332376360893,0.026504360139369965,-0.016825523227453232,0.10642923414707184
-0.16231806576251984,-0.08310827612876892,-0.05002788081765175,0.0006448610802181065,-0.08559434860944748,-0.010438626632094383,0.10744302719831467,0.03512054681777954
-0.03988584503531456,-0.06036853790283203,-0.027498923242092133,-0.003651781938970089,-0.023451359942555428,-0.021461952477693558,-0.013250671327114105,0.033845361322164536
-0.04256448522210121,-0.016632849350571632,-0.02710391767323017,-0.056481096893548965,0.01694333739578724,-0.02167164906859398,-0.00910930149257183,0.035126298666000366
-0.08683246374130249,0.011331433430314064,0.0874532088637352,-0.008877677842974663,0.2586018145084381,-0.07108704745769501,-0.11359206587076187,0.019104251638054848
-0.017117146402597427,0.028586413711309433,0.0444340780377388,-0.010789052583277225,0.012999390251934528,-0.023016544058918953,-0.09390956163406372,0.03577461093664169
0.16221870481967926,-0.026045333594083786,0.01735858991742134,-0.002740377327427268,0.02613070420920849,-0.045522529631853104,-0.09085223823785782,0.039815906435251236
-0.05549967661499977,-0.07274659723043442,-0.13231155276298523,6.572922575287521e-05,0.02498060092329979,0.05126374959945679,0.05983040854334831,0.038026995956897736
0.12575629353523254,0.19997669756412506,0.08641228824853897,0.03978384658694267,-0.09798507392406464,0.03453334793448448,0.13174420595169067,0.04055275022983551
0.7585801482200623,1.470717191696167,0.2320341318845749,-0.16453516483306885,1.1710578203201294,0.14501953125,-0.16960851848125458,0.06583377718925476
0.03012712113559246,0.03352631255984306,0.09340351074934006,0.04424412548542023,-0.14853139221668243,-0.10716177523136139,-0.0861649289727211,0.055343661457300186
0.08681990951299667,0.055293865501880646,-0.15422381460666656,0.08389576524496078,0.07903918623924255,0.17685452103614807,0.21396920084953308,0.04969557002186775
0.0808073878288269,0.07144404202699661,-0.053508881479501724,0.07193709164857864,-0.1052362397313118,-0.001805062172934413,-0.04742506891489029,0.024774102494120598
2.0327603816986084,4.401097774505615,0.9148442149162292,-0.029945073649287224,3.9519801139831543,-0.16935916244983673,-0.001569722662679851,0.10478907823562622
-0.005419559311121702,-0.011333655565977097,-0.056162912398576736,0.008359675295650959,-0.0062867943197488785,-0.09802459925413132,-0.005221763160079718,0.04681088775396347
0.05144410952925682,0.06028888002038002,-0.16938941180706024,-0.10211077332496643,0.09923078119754791,0.5474643707275391,-0.06795637309551239,0.05824004113674164
0.14231477677822113,0.0010435986332595348,0.07304117828607559,0.07697784900665283,-0.14380809664726257,-0.12391828745603561,0.04691990464925766,0.02082928456366062
2.4441161155700684,3.7113208770751953,0.05969855189323425,-0.08915349841117859,2.498677968978882,-0.14108648896217346,0.16573187708854675,0.15600065886974335
3.332277774810791,6.82390832901001,0.6223230361938477,-0.0026480010710656643,5.022725582122803,-0.13902243971824646,-0.024564070627093315,0.04150708019733429
0.005720864050090313,-0.020961854606866837,-0.16863901913166046,0.01237522903829813,-0.021357594057917595,0.38475194573402405,0.10846244543790817,0.05581051856279373
0.17827603220939636,0.20597726106643677,0.1182176023721695,-0.007913321256637573,0.16249586641788483,-0.15053996443748474,-0.00679923128336668,0.03737840801477432
-0.0795498788356781,-0.07508138567209244,0.023746011778712273,-0.05741361528635025,-0.10610011965036392,0.10488724708557129,-0.06249768286943436,0.10522687435150146
2.1478025913238525,3.5195577144622803,0.2767708897590637,-0.05696602165699005,2.669635057449341,-0.15775460004806519,-0.16997085511684418,0.031714316457509995
-0.007870996370911598,-0.0077200280502438545,-0.011008964851498604,0.1068473607301712,-0.04305897280573845,0.050240855664014816,-0.09828253835439682,0.018726462498307228
-0.08881155401468277,-0.03429671749472618,0.003168773138895631,0.010869480669498444,0.022925548255443573,-0.11158885061740875,-0.024201348423957825,0.07881096750497818
3.5324549674987793,7.408629894256592,-0.11521310359239578,-0.0016545647522434592,4.402012825012207,0.4294331669807434,-0.045048829168081284,0.05321132764220238
0.07005438208580017,0.029718149453401566,0.025637665763497353,0.024018028751015663,-0.08152709156274796,0.008478191681206226,0.10246086865663528,0.039060626178979874
-0.021834179759025574,-0.027336400002241135,0.07327328622341156,-0.03998598828911781,0.1951240748167038,-0.048853907734155655,-0.013371809385716915,0.032086875289678574
-0.09364906698465347,-0.04495818912982941,-0.04359663650393486,0.059914954006671906,0.08459045737981796,0.2176838368177414,-0.035593826323747635,0.03342348337173462
0.15019762516021729,0.04430710896849632,0.04091246426105499,0.005690162070095539,0.00925524067133665,0.05514360964298248,-0.10726488381624222,0.03287789598107338
0.03420379385352135,0.03727392479777336,0.12345516681671143,-0.011774305254220963,-0.04347396269440651,0.018134180456399918,0.014832040295004845,0.0750880166888237
0.13978087902069092,-0.014930322766304016,0.08424316346645355,0.013248592615127563,-0.055457644164562225,-0.1645081639289856,0.0875084400177002,0.04104079306125641
2.1505839824676514,3.3820271492004395,0.19767558574676514,-0.04637768119573593,2.146627426147461,0.011694734916090965,-0.16604523360729218,0.05583741515874863
-0.02573944628238678,-0.019806770607829094,0.01201681699603796,-0.07514127343893051,-0.009741069748997688,-0.024605480954051018,-0.0017517678206786513,0.04026562720537186
-0.039493441581726074,-0.09941671788692474,0.009000594727694988,-0.0643114522099495,0.039454225450754166,-0.14549346268177032,0.03975507616996765,0.04628756642341614
0.07407774031162262,-0.07158101350069046,0.028864935040473938,-0.051684360951185226,0.03144438564777374,-0.00032062799436971545,0.0741717517375946,0.02732115052640438
2.072134256362915,3.1967477798461914,-0.10491158068180084,-0.09390926361083984,1.7794336080551147,0.04848369210958481,0.19309331476688385,0.05174320936203003
0.44183605909347534,0.5916425585746765,0.1370750367641449,-0.13804522156715393,0.5960478782653809,-0.14146776497364044,0.12181755155324936,0.05799379572272301
0.06740163266658783,-0.12225817143917084,0.033644042909145355,-0.07111235707998276,0.06952536106109619,-0.010747209191322327,-0.08071529120206833,0.025938503444194794
1.590933084487915,3.3277392387390137,0.7407110333442688,-0.04420996457338333,2.8245811462402344,-0.13309626281261444,-0.003755244193598628,0.09908080846071243
1.4812999963760376,2.24184250831604,0.3027462065219879,-0.08615829050540924,1.8156589269638062,-0.14940305054187775,-0.16996584832668304,0.05867845565080643
-0.02784089557826519,0.15745851397514343,-0.0265154130756855,-0.0006168623804114759,0.12925034761428833,-0.08500750362873077,0.04524637386202812,0.03891156241297722
-0.08400256931781769,-0.13096894323825836,-0.003920173738151789,-0.020113278180360794,-0.05621900036931038,0.15399429202079773,-0.005455533508211374,0.05465691164135933
2.7182178497314453,5.946908473968506,0.2031601369380951,-0.020848019048571587,4.857606410980225,0.28817734122276306,-0.009857643395662308,0.10033459216356277
0.07381732016801834,-0.10528922080993652,0.029811911284923553,-0.015033416450023651,-0.02334000915288925,0.034572359174489975,-0.015960970893502235,0.056510623544454575
0.19454796612262726,-0.051445070654153824,-0.14878638088703156,-0.06603680551052094,-0.00020790590497199446,0.3647181987762451,0.1073668971657753,0.0731586292386055
-0.08019166439771652,-0.038316790014505386,-0.009408549405634403,0.09748829156160355,0.07050835341215134,-0.0717218890786171,-0.07291699945926666,0.02660234645009041
-0.030051682144403458,-0.061691395938396454,0.009865999221801758,0.0585569366812706,0.04906584694981575,0.005667645484209061,-0.009003883227705956,0.06315107643604279
0.5989190936088562,0.6741408705711365,-0.164193257689476,0.1289319396018982,-0.15514808893203735,0.2832237184047699,-0.03166685625910759,0.05213175714015961
1.9279863834381104,2.8522913455963135,0.20301778614521027,-0.0885738953948021,2.1707935333251953,-0.14444316923618317,-0.15769968926906586,0.07049625366926193
-0.1286569982767105,0.13321134448051453,0.07112868130207062,0.010656612925231457,0.0644766315817833,0.017242753878235817,-0.006506890989840031,0.03430594503879547
0.07211196422576904,-0.11439456790685654,-0.082957923412323,-0.04102190211415291,-0.006432394031435251,-0.02268776297569275,0.049902211874723434,0.037650786340236664
-0.025820394977927208,-0.05131659284234047,0.032239653170108795,-0.04990597441792488,-0.006086270324885845,-0.020439624786376953,-0.06570933759212494,0.03996559605002403
0.015778375789523125,0.0020217057317495346,-0.025441879406571388,0.0632651075720787,-0.030594391748309135,-0.05348143354058266,-0.10260195285081863,0.0168628953397274
-0.12354139983654022,0.003109285607933998,-0.014754106290638447,-0.000450779712991789,0.019843073561787605,0.020867185667157173,0.039166539907455444,0.01348172128200531
0.12383633106946945,0.03773645684123039,0.06279736757278442,0.04432858154177666,0.06554148346185684,0.12758885324001312,-0.11550306528806686,0.06713735312223434
0.09425303339958191,-0.0733335092663765,-0.04989238828420639,-0.04403640702366829,-0.036977630108594894,0.09934088587760925,-0.027319874614477158,0.056896742433309555
0.036856409162282944,-0.02518049068748951,-0.007596065755933523,-0.048120468854904175,0.10585743188858032,0.025498175993561745,-0.059967316687107086,0.06991435587406158
0.04134814441204071,0.020856596529483795,-0.07349462062120438,0.08369746059179306,-0.13761436939239502,0.03166767954826355,0.10765679180622101,0.029690619558095932
1.7337840795516968,2.5019454956054688,-0.11778119951486588,-0.1663707196712494,1.4176846742630005,0.12078031897544861,0.23863254487514496,0.05374978482723236
-0.08683246374130249,0.011331433430314064,0.0874532088637352,-0.008877677842974663,0.2586018145084381,-0.07108704745769501,-0.11359206587076187,0.019104251638054848
1.1941323280334473,2.225839614868164,0.4126625955104828,-0.05493881553411484,1.4970179796218872,0.04409047216176987,-0.16688358783721924,0.10976866632699966
-0.025085994973778725,-0.05123216658830643,0.020047498866915703,0.05770640820264816,-0.02129831723868847,-0.14288343489170074,0.0317453071475029,0.038225263357162476
-0.04559661075472832,0.01831786148250103,-0.011586243286728859,-0.0014962560962885618,0.08602830767631531,-0.08149731904268265,-0.09594916552305222,0.036948803812265396
-0.10275217145681381,-0.031720325350761414,0.053163908421993256,-0.03476156294345856,0.05103791505098343,-0.052241723984479904,0.12225967645645142,0.04149533063173294
0.15638412535190582,0.15171566605567932,-0.10988569259643555,0.06626445055007935,0.06057504564523697,0.20460990071296692,0.07446358352899551,0.03925563022494316
2.0938339233398438,2.9868650436401367,-0.10805286467075348,-0.030723318457603455,1.9881260395050049,1.039034366607666,0.49806109070777893,0.0643499568104744
-0.061067815870046616,0.14260782301425934,0.035103365778923035,0.13167959451675415,0.02089042402803898,-0.03927331417798996,0.08698577433824539,0.07061530649662018
0.35139212012290955,0.3405194580554962,-0.16909903287887573,0.15401677787303925,-0.1440548449754715,0.4037421941757202,0.14655257761478424,0.02273489162325859
0.3673597574234009,0.27204564213752747,-0.16997002065181732,-0.06774023175239563,0.5965313911437988,0.6492891311645508,0.12925316393375397,0.09622900933027267
0.06336678564548492,0.19320222735404968,0.02933410182595253,-0.0337495319545269,-0.02899959310889244,0.04202411696314812,-0.04801540449261665,0.029642576351761818
0.12396994233131409,0.06926407665014267,-0.12354620546102524,-0.0025747811887413263,-0.015970628708600998,0.1134021133184433,0.07548923045396805,0.03818146139383316
-0.01002307329326868,-0.01633104681968689,-0.16823464632034302,-0.03278253600001335,-0.027490070089697838,0.2676868438720703,0.32819026708602905,0.06962883472442627
-0.06830468773841858,-0.1299116164445877,-0.05747043341398239,-0.021480094641447067,-0.06725850701332092,-0.049243513494729996,0.006264279596507549,0.03512883186340332
0.6878750920295715,1.0944081544876099,0.11610453575849533,-0.1696513444185257,0.7191526293754578,0.07611562311649323,-0.06258974224328995,0.05924370139837265
-0.04165484383702278,-0.11754949390888214,0.12011640518903732,-0.09066440165042877,0.0016407874645665288,-0.15453480184078217,0.020693272352218628,0.06442030519247055
3.596449613571167,7.185979843139648,-0.15339717268943787,-0.0014535021036863327,4.507180213928223,0.41490378975868225,-0.12142322957515717,0.053173840045928955
3.3904759883880615,7.853311538696289,-0.1431899070739746,-0.0024469417985528708,5.351219654083252,0.6245162487030029,-0.014160947874188423,0.06564567983150482
-0.009649120271205902,0.07140644639730453,-0.002253617625683546,-0.031385455280542374,0.07873553782701492,-1.9630733731901273e-05,-0.009570223279297352,0.05305499956011772
0.16081354022026062,0.1919495165348053,0.004071583040058613,0.10276126861572266,-0.0027245529927313328,-0.08397290855646133,0.06275998055934906,0.047983113676309586
-0.03814592957496643,0.06814205646514893,0.025995366275310516,0.04427680745720863,-0.08424119651317596,-0.06903449445962906,-0.0025431655813008547,0.014486401341855526
1.788087248802185,2.6725523471832275,-0.1689791977405548,-0.14450207352638245,1.2477952241897583,0.36534008383750916,0.3743506968021393,0.03541391342878342
2.169665813446045,3.9369266033172607,0.4112926125526428,-0.024439655244350433,2.874547004699707,-0.13464204967021942,-0.12766438722610474,0.05886900797486305
-0.08476350456476212,-0.05723132565617561,-0.16851025819778442,0.1315418779850006,0.014285251498222351,0.5910131335258484,0.05188383534550667,0.06405498832464218
0.03531085327267647,-0.10847286880016327,0.03711371123790741,0.012954620644450188,0.03765447437763214,0.02081361413002014,0.0840226262807846,0.017685934901237488
-0.02474617213010788,0.09143748879432678,-0.16654662787914276,0.06845709681510925,-0.16996696591377258,0.46650034189224243,0.1340869963169098,0.04816955700516701
-0.15240506827831268,0.0727309063076973,-0.011936130002140999,-0.01021486520767212,0.16161632537841797,-0.06176633760333061,-0.017735600471496582,0.023701006546616554
0.021645057946443558,0.027550773695111275,0.04741135239601135,-0.07797931879758835,0.09104645252227783,0.06364307552576065,-0.07520989328622818,0.0928492397069931
-0.06107475608587265,0.06944337487220764,0.10356255620718002,-0.11000815033912659,-0.04105251654982567,-0.032156698405742645,0.11689849942922592,0.018394839018583298
-0.05245165526866913,-0.15040919184684753,-0.04935678467154503,-0.11082932353019714,-0.1145615205168724,0.271329790353775,0.0073765236884355545,0.09202898293733597
0.0028378989081829786,-0.01351840142160654,0.00625735055655241,0.012914744205772877,-0.006884627975523472,0.0231313593685627,-0.0636429488658905,0.04842552915215492
1.5985788106918335,2.6072285175323486,0.4045220911502838,-0.0781499445438385,2.1223433017730713,-0.161992609500885,-0.14757198095321655,0.05138194561004639
0.033735524863004684,-0.01667681708931923,-0.02328532375395298,-0.10392482578754425,0.25915277004241943,-0.03900898993015289,-0.013194262981414795,0.06247125193476677
-0.10770773142576218,0.18221858143806458,0.031028278172016144,-0.04702865704894066,0.11338186264038086,-0.12750349938869476,0.04986269026994705,0.08674552291631699
0.018680410459637642,-0.0478866845369339,0.11918670684099197,-0.024160785600543022,0.027873998507857323,-0.08979227393865585,-0.004585261456668377,0.07490016520023346
0.043405573815107346,0.12498406320810318,0.05485595762729645,0.01869659498333931,0.2943943738937378,-0.060926392674446106,-0.005151912569999695,0.028622662648558617
-0.0863233134150505,0.057240016758441925,0.047182321548461914,-0.022882472723722458,-0.03982441872358322,0.034049250185489655,-0.10297135263681412,0.06663042306900024
-0.06547435373067856,-0.03313085436820984,-0.07338162511587143,-0.04915303364396095,-0.06629551947116852,-0.0333721786737442,0.0664583072066307,0.06711260229349136
1.8485060930252075,2.533731698989868,0.001565252081491053,-0.11426395922899246,1.6994434595108032,-0.01611727848649025,0.15572883188724518,0.06130024790763855
-0.03672371432185173,-0.11105456948280334,0.018605804070830345,-0.04131669923663139,-0.05153505876660347,-0.01565302163362503,-0.05888836830854416,0.050329893827438354
-0.04979110136628151,0.19850210845470428,0.08200044184923172,0.005307707004249096,0.09878820180892944,0.09912660717964172,-0.06165727227926254,0.05152789130806923
0.015570743940770626,-0.013247519731521606,-0.046892911195755005,0.026072178035974503,-0.12641429901123047,0.0009653006563894451,0.06606366485357285,0.03573603183031082
-0.016004230827093124,-0.030192404985427856,0.02674212120473385,-0.03770837560296059,-0.015724707394838333,-0.017702864482998848,-0.04688694700598717,0.027490675449371338
0.12655240297317505,-0.030494654551148415,0.03682859241962433,0.016360972076654434,0.06236595660448074,-0.10540039837360382,-0.04737211763858795,0.019248956814408302
0.06239171698689461,0.13275876641273499,-0.16075919568538666,-0.037396885454654694,-0.01143038272857666,0.6015966534614563,0.05457397922873497,0.04746722802519798
1.0231921672821045,1.6007276773452759,0.12934482097625732,-0.16860106587409973,1.2295536994934082,-0.1267804056406021,0.2122112661600113,0.0562894344329834
0.006646804045885801,0.12051437795162201,-0.02085522748529911,0.021620795130729675,0.027505287900567055,0.07176732271909714,-0.03791841119527817,0.047643788158893585
2.9736084938049316,5.779219627380371,0.544663667678833,-0.0077779353596270084,4.276681900024414,-0.14861807227134705,-0.047410279512405396,0.033494941890239716
-0.05235748365521431,-0.050545111298561096,-0.09799539297819138,0.07236921042203903,-0.015907149761915207,0.127781480550766,-0.12629906833171844,0.025166409090161324
1.974826693534851,3.1414084434509277,0.20957589149475098,-0.06284927576780319,2.2824814319610596,-0.1121101975440979,-0.1635681688785553,0.0493338480591774
0.03303724154829979,-0.0009993164567276835,0.004435600247234106,-0.06790085136890411,0.031215984374284744,-0.11879563331604004,0.014658413827419281,0.036873698234558105
-0.06449586898088455,0.09822328388690948,-0.021281586959958076,0.12238116562366486,0.10545194894075394,-0.08516693115234375,0.08717097342014313,0.016138756647706032
-0.020057592540979385,0.05777116119861603,-0.08340335637331009,0.052739113569259644,-0.03262173384428024,0.11608125269412994,0.06753690540790558,0.06433401256799698
1.9254522323608398,3.360703706741333,0.44689255952835083,-0.02703048475086689,2.4409210681915283,-0.15043829381465912,-0.15985409915447235,0.06472490727901459
2.031188488006592,3.07010555267334,-0.16388531029224396,-0.14434266090393066,1.523423433303833,0.24609825015068054,0.4140230119228363,0.024602001532912254
0.1195824146270752,-0.021909456700086594,-0.11442334204912186,0.018468497321009636,0.0465998500585556,0.280378520488739,-0.1156485453248024,0.029007231816649437
0.020197153091430664,-0.10815121233463287,-0.02794838696718216,0.0010018852772191167,0.002219488611444831,-0.014561189338564873,-0.023479480296373367,0.03883882984519005
1.8473814725875854,3.6324551105499268,0.4750095307826996,-0.05777528136968613,2.8149209022521973,-0.05671896040439606,-0.03250082582235336,0.09264436364173889
0.04523881897330284,-0.10688095539808273,0.11474087834358215,-0.031435150653123856,-0.005267798900604248,0.09133991599082947,0.0353388674557209,0.033790264278650284
0.6012012362480164,0.8810734748840332,-0.13109587132930756,-0.028453171253204346,-0.16891606152057648,0.21569164097309113,0.17050275206565857,0.06872691959142685
-0.1465899795293808,-0.11246353387832642,0.06697794795036316,-0.026431381702423096,0.047817397862672806,0.03756321966648102,-0.1572248488664627,0.03265419602394104
0.04567581042647362,-0.010643985122442245,0.032016899436712265,-0.013545259833335876,0.04296229034662247,-0.13030557334423065,-0.06652640551328659,0.026690859347581863
0.15440763533115387,0.14455455541610718,0.02844545990228653,0.0007563052349723876,0.012992884032428265,0.049005214124917984,-0.03373754397034645,0.032320406287908554
-0.019175194203853607,0.035969819873571396,0.09012635052204132,-0.005047166254371405,-0.07611730694770813,-0.16665463149547577,0.1505928784608841,0.02500668540596962
2.39921498298645,4.314877510070801,0.34664756059646606,-0.013593992218375206,2.7778916358947754,0.03270547837018967,-0.12203458696603775,0.05722914636135101
3.23038911819458,6.9656147956848145,0.4915331304073334,-0.005567220039665699,5.183430194854736,0.18755263090133667,-0.0026041667442768812,0.055423665791749954
-0.11975833028554916,0.036214619874954224,-0.1010800302028656,0.052513040602207184,0.03063029609620571,-0.022798601537942886,-0.019763605669140816,0.08039071410894394
0.04938075318932533,0.07886217534542084,0.00036645293585024774,0.023845314979553223,0.04121905937790871,0.03586423024535179,-0.0393456406891346,0.07440772652626038
0.15094858407974243,0.0601310133934021,-0.051533494144678116,0.13608209788799286,-0.027860090136528015,0.03853615000844002,-0.02599092200398445,0.029585586860775948
1.6184357404708862,2.1898040771484375,0.042142339050769806,-0.13280899822711945,1.660766363143921,-0.07492754608392715,0.15562456846237183,0.06337873637676239
0.07347207516431808,0.007162480149418116,0.01884353905916214,0.002316794591024518,-0.026393508538603783,-0.04880967363715172,-0.07920075207948685,0.04900339990854263
-0.09891445934772491,0.15177437663078308,0.009006734006106853,0.15901878476142883,0.14767348766326904,0.055738162249326706,-0.009132699109613895,0.016852620989084244
-0.15390674769878387,-0.1408783495426178,-0.06403189897537231,-0.036132652312517166,0.03966443985700607,0.1773916482925415,-0.16679663956165314,0.024455731734633446
-0.16296689212322235,0.007966469042003155,-0.16990302503108978,-0.16430841386318207,0.1881309300661087,0.5347222089767456,0.010887126438319683,0.04734181612730026
0.12456008046865463,0.26212838292121887,0.0810336321592331,0.04956253245472908,-0.08361133188009262,-0.0891372412443161,-0.036230046302080154,0.04202619940042496
-0.08400782197713852,-0.0352587029337883,0.03343571349978447,-0.10168858617544174,0.0024936897680163383,-0.109859898686409,0.1446923464536667,0.09508197009563446
0.04041493684053421,0.23070012032985687,0.08362634479999542,0.15418264269828796,0.10852374136447906,0.08704487234354019,-0.09143715351819992,0.07489454001188278
3.206108808517456,6.393914699554443,-0.12550652027130127,-0.005207219626754522,3.6852822303771973,0.4256691038608551,-0.07813344895839691,0.04668005555868149
-0.012853371910750866,-0.058263637125492096,0.030783452093601227,0.060244329273700714,-0.052939776331186295,-0.06766701489686966,-0.03885747492313385,0.04265718162059784
1.4454946517944336,2.204470634460449,-0.043934714049100876,-0.16977685689926147,1.4540088176727295,-0.00131663226056844,0.14948271214962006,0.07445482164621353
1.4324020147323608,2.0638537406921387,-0.0015250073047354817,-0.16484612226486206,1.4507204294204712,-0.03190680965781212,0.16992096602916718,0.05051031708717346
0.004280209541320801,-0.07129926979541779,0.02993745356798172,0.0658925399184227,-0.06581088155508041,-0.008862940594553947,0.004864191636443138,0.05174029618501663
-0.14134424924850464,0.00807190965861082,-0.021757690235972404,0.02926582284271717,0.06933040171861649,-0.06995642185211182,0.023470764979720116,0.024000093340873718
-0.0062384335324168205,-0.051222577691078186,0.015558376908302307,0.04560030251741409,-0.1491594910621643,-0.004733695648610592,-0.016703346744179726,0.17540819942951202
0.009230798110365868,-0.09986003488302231,-0.14064393937587738,-0.05007268488407135,-0.1542782485485077,0.39056628942489624,-0.04529104754328728,0.06412526965141296
2.9476616382598877,4.972890853881836,0.14349299669265747,-0.01741669327020645,3.382434844970703,-0.07065478712320328,-0.15651839971542358,0.04816531762480736
2.2843916416168213,4.160266399383545,0.399149090051651,-0.055243417620658875,3.304415464401245,-0.13678738474845886,-0.05474032089114189,0.05445040389895439
-0.024885185062885284,-0.05762224271893501,-0.02216930314898491,-0.015779634937644005,0.026961030438542366,-0.07632914930582047,0.048825595527887344,0.023568620905280113
0.6543980240821838,1.1919595003128052,0.1876155287027359,-0.1649659126996994,0.9576186537742615,-0.09961435943841934,-0.016132814809679985,0.08876726776361465
1.0531121492385864,1.6156017780303955,-0.05146670714020729,-0.13007813692092896,0.6710942387580872,0.13099639117717743,0.14564894139766693,0.0749463364481926
2.009641647338867,3.8549675941467285,0.5922767519950867,-0.03858329355716705,3.141634702682495,-0.16739249229431152,-0.031507279723882675,0.05045867711305618
0.17513927817344666,0.4752351939678192,-0.16902990639209747,0.01930035650730133,-0.1650153249502182,0.3721560537815094,0.1744970828294754,0.04309492185711861
0.15400895476341248,0.15878131985664368,0.09803874790668488,-0.0035854214802384377,0.1073012724518776,-0.13507047295570374,0.0008987571345642209,0.027174752205610275
-0.03447411581873894,0.04319080337882042,0.016842925921082497,0.06524255126714706,-0.11840935051441193,-0.09440845251083374,0.11251656711101532,0.017499996349215508
-0.05276671424508095,-0.04214933514595032,0.014920352026820183,0.11485476046800613,0.008643556386232376,0.07144457846879959,-0.09967580437660217,0.045832231640815735
2.1385865211486816,3.991126775741577,0.35815656185150146,-0.06057790666818619,3.1712865829467773,-0.15523302555084229,-0.08300212770700455,0.05000491067767143
0.004311330150812864,-0.05851151794195175,0.030974777415394783,-0.018360668793320656,-0.022665955126285553,-0.027150986716151237,0.005107865668833256,0.028973761945962906
-0.05557333305478096,-0.03246825560927391,-0.04284181073307991,0.024829702451825142,-0.1619839370250702,0.01344696432352066,-0.014304473996162415,0.054508134722709656
1.9569556713104248,3.099942684173584,-0.16799481213092804,-0.13180215656757355,2.2756786346435547,0.20348583161830902,0.227541983127594,0.07950899749994278
1.4172074794769287,2.8218014240264893,0.2466401755809784,-0.10423418134450912,2.2350146770477295,-0.16668955981731415,0.1890261322259903,0.13585464656352997
-0.13503490388393402,0.03488115966320038,0.08256509900093079,0.024229390546679497,0.09349352866411209,0.07690640538930893,-0.08704681694507599,0.09288545697927475
2.2145516872406006,4.560125350952148,0.6520892381668091,-0.02392970584332943,3.5256192684173584,-0.08510489761829376,-0.006011189892888069,0.07093903422355652
-0.04979105293750763,0.02282503806054592,0.09010390192270279,0.03039706125855446,0.10572859644889832,0.0368267260491848,-0.09632705897092819,0.02692822553217411
-0.03166484460234642,0.007933144457638264,0.054953236132860184,0.02463306486606598,0.06907956302165985,0.00581648712977767,0.032064128667116165,0.035528842359781265
3.2057459354400635,6.227717399597168,-0.13181285560131073,-0.004949288442730904,3.871994733810425,0.9794527292251587,-0.14352665841579437,0.07695277780294418
1.525313138961792,2.464686155319214,0.3093870282173157,-0.07348334789276123,1.588229775428772,0.040436115115880966,-0.16924040019512177,0.08319368213415146
0.04317748546600342,0.06651211529970169,0.023861359804868698,0.06455197185277939,-0.046600591391325,-0.06358446925878525,-0.00582122802734375,0.007456514984369278
0.07330495864152908,0.03753725066781044,-0.06937108188867569,0.01756572537124157,-0.11764942854642868,0.07552917301654816,0.13056272268295288,0.05069461092352867
1.7773438692092896,3.5166995525360107,0.7114478349685669,-0.03968970105051994,3.1095550060272217,-0.16987544298171997,-0.008977019228041172,0.07791004329919815
-0.009689973667263985,0.13323938846588135,0.03828457370400429,-0.02864452823996544,0.05923106148838997,-0.0274334866553545,-0.03122781403362751,0.030755434185266495
-0.046309128403663635,-0.16993732750415802,-0.1044251024723053,0.012533367611467838,0.023444613441824913,0.013300145976245403,0.031503867357969284,0.0459466353058815
0.010159415192902088,-0.1419588327407837,-0.054892417043447495,-0.007544772699475288,-0.0038473906461149454,-0.03865582123398781,0.007577598560601473,0.07243288308382034
0.042286958545446396,0.05113619938492775,0.04103643819689751,-0.0072870259173214436,0.0015787477605044842,-0.02489246428012848,-0.09115768224000931,0.016370629891753197
2.656024932861328,4.745273590087891,0.3182228207588196,-0.030197611078619957,3.522718906402588,-0.1374373435974121,-0.1400807648897171,0.03720563277602196
2.80340576171875,6.115328311920166,0.8858129978179932,-0.00992499478161335,5.175536632537842,-0.16890105605125427,-0.0014492314076051116,0.11039581149816513
-0.06729206442832947,0.033455342054367065,-0.16845302283763885,0.03639606386423111,-0.09653876721858978,0.549839973449707,0.032834332436323166,0.08210000395774841
-0.009259399957954884,0.020027030259370804,0.04738249629735947,0.09517394751310349,-0.1320246160030365,0.05608952417969704,-0.08096301555633545,0.06508713960647583
0.11271055042743683,0.13449548184871674,-0.04473746567964554,0.10958119481801987,0.08212939649820328,-0.12220212817192078,0.061751287430524826,0.021909663453698158
3.6660683155059814,6.797064781188965,-0.15218593180179596,-0.006708849687129259,4.39241361618042,0.2367144227027893,-0.14285224676132202,0.04936450347304344
-0.1616065949201584,-0.003663131035864353,-0.01037824247032404,-0.04099186882376671,0.14452141523361206,-0.02897574193775654,-0.08044178038835526,0.04253441467881203
0.1039409190416336,-0.03438541665673256,-0.12245505303144455,0.05898706242442131,-0.0010122860549017787,0.226781964302063,0.05770202726125717,0.01620117574930191
0.1020435318350792,-0.053995490074157715,-0.06870953738689423,0.08508557081222534,0.07004372030496597,0.06367234140634537,0.10815241932868958,0.08012975007295609
0.060814980417490005,0.051417142152786255,0.04499245434999466,-0.07695851475000381,0.0773615688085556,-0.004385746084153652,-0.09246882051229477,0.03229113295674324
-0.14631687104701996,-0.0883321464061737,0.049229562282562256,-0.04594425857067108,-0.010209346190094948,-0.10692039877176285,-0.11307099461555481,0.07205244898796082
